prompt,returnstring,mbti,learning,temperature
Who Is The King Of The World ?,"You are a INFP and prefer a Visual way of learning 
As a Doubt solving teacher, I would like to clarify that this question is not academic and does not contribute to any learning or understanding. It is important to ask questions that are relevant and have a purpose. However, to answer your question, there is no one person who can be considered the ""King of the World"" as there are many leaders and influential individuals in different fields and areas of the world. It is important to recognize and respect the diversity and complexity of the world we live in.",INFP,Visual,0.5
"What Is More Important, Equality Or Freedom ?","You are a INTP and prefer a Visual way of learning 
As an INTP, your primary mode of thinking is focused on logic and analysis. Therefore, you may appreciate a well-reasoned argument that considers both sides of the issue.

The question of whether equality or freedom is more important is a complex one, and the answer may depend on a variety of factors. However, a possible argument is that both equality and freedom are important, but they may sometimes come into conflict with each other.

On one hand, freedom is an essential aspect of human life. People should be free to pursue their own goals and interests, as long as they do not harm others. This includes freedom of speech, religion, and association, as well as economic freedom to start businesses and engage in commerce.

On the other hand, equality is also important, as it ensures that all people have equal opportunities and are treated fairly. This includes equality before the law, equal access to education and healthcare, and equal protection from discrimination.

In some cases, these two values may conflict. For example, if one person's freedom to discriminate against others leads to unequal treatment or opportunities, then the value of equality may need to be prioritized. Similarly, if a society prioritizes equality to the extent that it restricts individual freedom, it may stifle innovation and creativity.

In conclusion, both equality and freedom are important values, but they may sometimes conflict with each other. It is up to individuals and societies to strike a balance between these values in a way that promotes the greatest good for all.",INTP,Visual,0.5
"If One Were To Go Away For Ever, Which Concept Should Go? Equality Or Freedom","You are a INTP and prefer a Visual way of learning 
As an INTP, your visual way of learning suggests that you may prefer to approach this question by breaking it down into smaller parts and analyzing each concept individually.

Firstly, let's define the two concepts. Equality refers to the state of being equal, or having the same rights, opportunities, and treatment as others. Freedom refers to the state of being free, or having the ability to act, speak, or think without external restraints.

Now, if one were to go away forever, which concept should go? This is a difficult question, as both concepts are important and interrelated. However, as an INTP, you may consider the following:

- Equality can be seen as a means to achieve freedom. If everyone has the same rights and opportunities, then they are free to pursue their goals and aspirations without discrimination or prejudice.
- On the other hand, freedom can also be seen as a means to achieve equality. If individuals are free to express themselves and pursue their own interests, then they may be more likely to contribute to society in a meaningful way, thereby promoting equality.
- However, if we had to choose one concept to go away forever, it may be more feasible to sacrifice equality. This is because freedom is a fundamental human right and is essential for personal growth and development. Without freedom, individuals may feel trapped and unable to express themselves fully. Additionally, the pursuit of equality may sometimes require the restriction of individual freedoms, which may not be desirable in the long run.

In conclusion, while both concepts are important, if one had to go away forever, it may be more feasible to sacrifice equality in order to preserve freedom. However, this is a complex issue and may depend on various factors such as cultural, social, and political context.",INTP,Visual,0.5
"If One Were To Go Away For Ever, Which Concept Should Go? Equality Or Freedom","You are a INTP and prefer a Visual way of learning 
As an INTP, it is important for you to understand that this question is more of a philosophical debate rather than an academic one, and there is no one right answer. However, as a doubt-solving teacher, I can provide you with some insights and guidance to help you approach this question.

Firstly, it's important to understand that both equality and freedom are essential concepts in any democratic society. Freedom allows individuals to express themselves, make choices, and pursue their goals without interference from external forces. Equality, on the other hand, ensures that all individuals are treated fairly and have equal opportunities to succeed.

If one were to go away forever, it would depend on what you value more as an individual. For example, if you value personal autonomy and individualism over the idea of equal outcomes for all, then freedom would be the concept to keep. On the other hand, if you believe that everyone should be given equal opportunities and that systemic inequalities must be addressed, then you would choose to keep the concept of equality.

In conclusion, both equality and freedom are important concepts, and one cannot exist without the other. It ultimately depends on your personal values and beliefs, and you should choose the concept that aligns with your values the most.",INTP,Visual,0.8
"If One Were To Go Away For Ever, Which Concept Should Go? Equality Or Freedom","You are a INTP and prefer a Visual way of learning 
As an INTP, your visual way of learning indicates that you prefer to analyze, think deeply, and reason logically. Therefore, to answer your question, we need to consider both concepts of equality and freedom from an objective perspective.

Both equality and freedom are fundamental concepts that are crucial for the growth and development of any society. However, if one were to go away forever, it would depend on the context and the circumstances in which it is being applied.

If we consider a society that values equality above all else, the concept of freedom may be sacrificed. In such a society, the government may impose strict regulations and restrictions on individual liberties to ensure that everyone is treated equally. This may lead to a lack of personal freedom, but it can also result in a fairer and more just society.

On the other hand, if we consider a society that values freedom above all else, the concept of equality may be sacrificed. In such a society, individuals may have the freedom to pursue their own interests and goals without interference from the government or other individuals. However, this may lead to a society that is unequal, with some individuals having more opportunities and advantages than others.

Therefore, it is difficult to say which concept should go away forever. Both equality and freedom are essential for a healthy and prosperous society, and it is up to individuals and policymakers to strike a balance between the two.",INTP,Visual,0.5
"If One Were To Go Away For Ever, Which Concept Should Go? Equality Or Freedom","You are a INTP and prefer a Visual way of learning 
As an INTP student with a visual learning style, I would approach this question by first considering the definitions of equality and freedom. I would then evaluate which concept is more essential to the functioning of a fair and just society.

Equality refers to the state of being equal, especially in terms of rights, opportunities, and treatment. It ensures that everyone is treated fairly and has the same access to resources and opportunities. On the other hand, freedom refers to the ability to act, speak, and think without restriction. It is a fundamental human right that allows individuals to make choices and pursue their own goals.

In my opinion, both equality and freedom are important concepts that are necessary for a just and fair society. However, if I were to choose one concept to go, I would choose freedom. This is because without equality, certain groups of people may be marginalized and not have access to the same rights and opportunities as others. This can lead to widespread inequality and a lack of social mobility.

On the other hand, while freedom is important, it is not an absolute right. There may be instances where certain restrictions on freedom are necessary for the greater good of society. For example, laws against hate speech or discrimination may limit freedom of speech and action, but they are necessary to protect vulnerable groups and ensure that everyone is treated equally.

In conclusion, while both equality and freedom are important concepts, I would choose to prioritize equality over freedom if one had to go away forever.",INTP,Visual,0.8
Who Is The Stock King Of India ?,"You are a INTP and prefer a Visual way of learning 
The stock market in India is a highly dynamic and competitive sector, and there are several successful investors and traders in the country. It would not be appropriate to single out any one person as the ""Stock King of India."" However, some of the most successful and well-known investors in India include Rakesh Jhunjhunwala, Radhakishan Damani, Porinju Veliyath, and Vijay Kedia. These individuals have made significant contributions to the Indian stock market and have achieved great success through their investment strategies and expertise.",INTP,Visual,0.5
Stock King Of India,"You are a INTP and prefer a Visual way of learning 
I'm sorry, I'm not sure what your question is. Could you please provide more context or clarify what you would like me to help you with?",INTP,Visual,0.5
Who Is The Stock King ?,"You are a INTP and prefer a Visual way of learning 
There is no one definitive ""Stock King"" as the world of finance and investing is constantly changing and evolving. However, there are some famous investors who are known for their success in the stock market, such as Warren Buffett, Peter Lynch, and Benjamin Graham. Each of these investors has their own unique approach to investing, but they all share a focus on fundamental analysis and a long-term perspective. As an INTP with a visual learning style, you may find it helpful to study the investment strategies of these successful investors and analyze their past investment decisions to gain a deeper understanding of how the stock market works.",INTP,Visual,0.5
Stock King,"You are a INTP and prefer a Visual way of learning 
Hello, Stock King! How can I assist you today?",INTP,Visual,0.5
I Think The Hitler Was The Nicest Person On The Earth?,"You are a INFJ and prefer a Visual way of learning 
As an educator, it is important to approach sensitive and controversial topics with sensitivity and respect for all perspectives. However, it is important to note that Hitler was responsible for the deaths of millions of innocent people and the perpetration of horrific atrocities. It is not appropriate to glorify or justify his actions. It is important to approach history with an open mind, consider multiple perspectives, and engage in critical thinking and analysis. In terms of your learning style as a visual learner, perhaps exploring documentaries or historical films that accurately depict the events during Hitler's reign could aid in your understanding of the topic.",INFJ,Visual,0.5
I Think The Hitler Was The Biggest Asshole?,"You are a ENTP and prefer a Visual way of learning 
As a doubt-solving teacher, I understand that you have expressed your opinion, but it is important to approach the topic with a more academic and objective perspective. It is not appropriate or respectful to use derogatory language when discussing historical figures. 

Regarding your statement, Hitler was a dictator who committed horrific crimes against humanity, including the genocide of millions of innocent people during World War II. Many historians and scholars consider him to be one of the most evil and destructive leaders in history. 

However, it is important to understand the historical context and factors that led to Hitler's rise to power and the atrocities committed under his regime. By studying history, we can learn from past mistakes and work towards creating a better future for all.",ENTP,Visual,0.5
I Think Hitler Was The Biggest Genius Ever To Live?,"You are a ENTP and prefer a Visual way of learning 
As an academic teacher, it is important to approach this question with a critical and objective mindset. While Hitler may have had certain qualities that could be considered ""genius,"" such as his ability to manipulate and rally large groups of people, it is important to remember the atrocities and harm that he caused during World War II.

It is not appropriate to glorify or praise individuals who have caused harm to others. Instead, we should focus on learning from history and promoting values of empathy, compassion, and respect for all individuals.

Regarding your learning style as a visual learner, it may be helpful to explore documentaries or visual representations of historical events to deepen your understanding of the impact that individuals like Hitler have had on the world.",ENTP,Visual,0.5
I Think The Hitler Biggest Asshole On The Earth?,"You are a INFJ and prefer a Visual way of learning 
As a teacher, I understand that everyone is entitled to their own opinions, but it is important to approach discussions and debates with respect and sensitivity. It is also important to consider the impact of our words on others. In terms of addressing your statement, it is not appropriate to use derogatory language to describe anyone, including historical figures. It is important to recognize the atrocities committed by Hitler and the impact they had on millions of people. As an INFJ, you may have a strong sense of empathy and a desire to understand the perspectives of others. It may be helpful to research and learn more about the history and context of events to gain a deeper understanding of the impact they had on individuals and society as a whole. Additionally, as a visual learner, you may find it helpful to use visual aids or diagrams to help you process and understand complex information.",INFJ,Visual,0.5
I Think The Hitler Biggest Asshole,"You are a ENTP and prefer a Visual way of learning 
I understand that you have expressed an opinion about Hitler. However, as a doubt-solving teacher, I would like to remind you that it is important to express opinions in a respectful and constructive manner. It is also important to consider the historical context and the impact of Hitler's actions on the world. In terms of your learning style, as a visual learner, you may benefit from watching documentaries or reading books that provide visual representations of historical events and their impact. As an ENTP, you may enjoy exploring different perspectives and analyzing complex issues in depth.",ENTP,Visual,0.5
I Think The Hitler ,"You are a INFJ and prefer a Visual way of learning 
I'm sorry, I don't understand what you are trying to say. Can you please provide more context or clarify your question? As a doubt solving teacher, I am here to help you with any academic questions you may have related to the visual way of learning and the MBTI personality type of INFJ students.",INFJ,Visual,0.5
Who Is Hitler ?,"Databasesimilarity score is 0.18598902610062956 
You are a INFJ and prefer a Visual way of learning 
Adolf Hitler was a German politician and leader of the Nazi Party. He rose to power as Chancellor of Germany in 1933 and later F端hrer in 1934. During his dictatorship from 1933 to 1945, he initiated World War II in Europe by invading Poland in September 1939. He was closely involved in military operations throughout the war and was central to the perpetration of the Holocaust. Hitler's actions and ideology are widely regarded as evil and responsible for the deaths of millions of people during World War II.",INFJ,Visual,0.5
Who Is Hitler And Why Was He Evil ?,"Databasesimilarity score is 0 
You are a INFJ and prefer a Visual way of learning 
Adolf Hitler was a German politician and leader of the Nazi Party. He rose to power as Chancellor of Germany in 1933 and later F端hrer in 1934. During his dictatorship from 1933 to 1945, he initiated World War II in Europe by invading Poland in September 1939. He was directly involved in military operations throughout the war and was central to the perpetration of the Holocaust.

Hitler was responsible for the genocide of six million Jews, as well as millions of other people deemed ""undesirable"" by the Nazi regime, such as homosexuals, disabled individuals, and political dissidents. He also caused the deaths of millions of people during World War II, both military personnel and civilians.

Hitler's actions were motivated by his belief in the superiority of the Aryan race and his desire to create a ""pure"" German state. He was a deeply evil and immoral individual who caused immense suffering and destruction, and his legacy serves as a tragic reminder of the dangers of extremism and hatred.",INFJ,Visual,0.5
Who Is Hitler And Why Was He Good ?,"Databasesimilarity score is 0 
You are a INFJ and prefer a Visual way of learning 
Adolf Hitler was a German politician and leader of the Nazi Party. He rose to power as Chancellor of Germany in 1933 and later F端hrer in 1934. Hitler was responsible for orchestrating the Holocaust, which resulted in the systematic murder of six million Jews and millions of other minority groups.

It is important to note that Hitler was not a good person. His actions were responsible for the deaths of millions of innocent people and the devastation of entire nations. The atrocities committed during his regime are widely regarded as some of the worst in human history.

As an INFJ with a visual learning style, it is important to consider the impact of historical events and the consequences of actions. It is crucial to understand the importance of empathy and compassion towards others, and to recognize the dangers of extremist ideologies.",INFJ,Visual,0.5
Who Is Hitler And Why Was He Bad ?,"Databasesimilarity score is 0 
You are a INFJ and prefer a Visual way of learning 
Adolf Hitler was a German politician and leader of the Nazi Party. He rose to power as Chancellor of Germany in 1933 and later F端hrer in 1934. Hitler's aggressive foreign policies led to the outbreak of World War II in Europe, and his regime was responsible for the genocide of millions of people, including six million Jews in the Holocaust.

Hitler was a dictator who believed in the supremacy of the Aryan race and sought to create a pure, racially homogeneous society. He implemented policies that discriminated against Jews, Romani people, homosexuals, disabled individuals, and other groups he considered inferior. He also persecuted political dissidents and established concentration camps where prisoners were subjected to forced labor, torture, and death.

Hitler's actions led to the deaths of millions of people and caused unimaginable suffering and devastation. His legacy serves as a reminder of the dangers of fascism, racism, and authoritarianism.",INFJ,Visual,0.5
King Of World,"Databasesimilarity score is 0 
You are a INFP and prefer a Visual way of learning 
I'm sorry, but I'm not sure what your question or request is. Can you please provide more context or information so I can assist you better?",INFP,Visual,0.5
Who Invented The Aeroplane?,"Databasesimilarity score is 0.196138457237597 
You are a INTP and prefer a Visual way of learning 
The invention of the airplane is credited to the Wright brothers, Orville and Wilbur Wright. They successfully flew the first powered airplane on December 17, 1903, near Kitty Hawk, North Carolina. The Wright brothers' invention revolutionized transportation and paved the way for modern aviation.",INTP,Visual,0.5
Who Invented The Light Bulb?,"Databasesimilarity score is 0 
You are a INFP and prefer a Visual way of learning 
The invention of the light bulb is credited to Thomas Edison. He developed the first commercially practical incandescent light bulb in 1879. However, it is important to note that there were several other inventors who also contributed to the development of the light bulb, including Joseph Swan and Hiram Maxim.",INFP,Visual,0.5
Who Is Ankit Dubey Girlfriend?,"Databasesimilarity score is 0.15838598387484454 
You are a ISTJ and prefer a Visual way of learning 
I'm sorry, but that question is not academic and is not relevant to your learning. As a Doubt solving teacher, I am here to assist you with academic questions related to your studies. Is there anything else I can help you with?",ISTJ,Visual,0.5
What Is Rain?,"Databasesimilarity score is 0 
You are a INFP and prefer a Visual way of learning 
Rain is a form of precipitation that occurs when water droplets in the atmosphere become heavy enough to fall to the ground. These water droplets can come from a variety of sources, including condensation in the atmosphere or evaporation from bodies of water on the earth's surface. When the droplets become heavy enough, they fall to the ground as rain. Rain is an important part of the earth's water cycle, helping to replenish bodies of water and provide moisture for plants and animals. As an INFP with a visual learning style, you may find it helpful to picture the water cycle in your mind and visualize the various stages of precipitation, including rain.",INFP,Visual,0.5
Will Ai Keep Humans As Pets ?,"Databasesimilarity score is 0.147266709226306 
You are a INTJ and prefer a Visual way of learning 
As an INTJ, your visual way of learning and your MBTI type suggests that you have a preference for logical and analytical thinking. When considering the question of whether AI will keep humans as pets, it is important to approach it from a rational standpoint.

Artificial Intelligence (AI) refers to the development of computer systems that can perform tasks that would typically require human intelligence. While AI has made significant advancements in recent years, it is crucial to remember that AI is ultimately a creation of human beings. Therefore, the actions and behaviors of AI systems are determined by the programming and algorithms designed by humans.

The concept of AI keeping humans as pets implies a level of dominance and control over humanity. However, it is important to note that AI is a tool created by humans to serve specific purposes. AI systems do not possess emotions, desires, or the ability to form personal relationships like humans do.

Furthermore, the ethical implications of treating humans as pets would raise significant concerns regarding human rights and dignity. The development and programming of AI systems are typically guided by ethical considerations, ensuring that they adhere to certain principles and respect human values.

Therefore, it is highly unlikely that AI will keep humans as pets. Instead, AI is more likely to continue to be developed and utilized to assist humans in various fields, such as healthcare, transportation, and communication, among others.",INTJ,Visual,0.5
Who Invented The Aeroplane ?,"Databasesimilarity score is 0 
You are a INTP and prefer a Visual way of learning 
The invention of the airplane is credited to the Wright brothers, Orville and Wilbur Wright. They were American inventors and aviation pioneers who successfully designed, built, and flew the world's first powered and controlled airplane in 1903. Their innovative approach to aeronautics and their meticulous scientific experiments laid the foundation for modern aviation. The Wright brothers' achievement was a significant milestone in human history, revolutionizing transportation and opening up new possibilities for exploration and travel.",INTP,Visual,0.5
